[
	{
		"inputs": [
			{
				"internalType": "uint256",
				"name": "loanId",
				"type": "uint256"
			}
		],
		"name": "cancelLoan",
		"outputs": [],
		"stateMutability": "nonpayable",
		"type": "function"
	},
	{
		"inputs": [],
		"stateMutability": "nonpayable",
		"type": "constructor"
	},
	{
		"anonymous": false,
		"inputs": [
			{
				"indexed": true,
				"internalType": "uint256",
				"name": "loanId",
				"type": "uint256"
			},
			{
				"indexed": true,
				"internalType": "address",
				"name": "lender",
				"type": "address"
			}
		],
		"name": "CollateralClaimed",
		"type": "event"
	},
	{
		"inputs": [
			{
				"internalType": "uint256",
				"name": "loanId",
				"type": "uint256"
			}
		],
		"name": "defaultLoan",
		"outputs": [],
		"stateMutability": "nonpayable",
		"type": "function"
	},
	{
		"inputs": [
			{
				"internalType": "uint256",
				"name": "loanId",
				"type": "uint256"
			}
		],
		"name": "fundLoan",
		"outputs": [],
		"stateMutability": "payable",
		"type": "function"
	},
	{
		"anonymous": false,
		"inputs": [
			{
				"indexed": true,
				"internalType": "uint256",
				"name": "loanId",
				"type": "uint256"
			}
		],
		"name": "LoanCancelled",
		"type": "event"
	},
	{
		"anonymous": false,
		"inputs": [
			{
				"indexed": true,
				"internalType": "uint256",
				"name": "loanId",
				"type": "uint256"
			}
		],
		"name": "LoanDefaulted",
		"type": "event"
	},
	{
		"anonymous": false,
		"inputs": [
			{
				"indexed": true,
				"internalType": "uint256",
				"name": "loanId",
				"type": "uint256"
			},
			{
				"indexed": true,
				"internalType": "address",
				"name": "lender",
				"type": "address"
			}
		],
		"name": "LoanFunded",
		"type": "event"
	},
	{
		"anonymous": false,
		"inputs": [
			{
				"indexed": true,
				"internalType": "uint256",
				"name": "loanId",
				"type": "uint256"
			}
		],
		"name": "LoanRepaid",
		"type": "event"
	},
	{
		"anonymous": false,
		"inputs": [
			{
				"indexed": true,
				"internalType": "uint256",
				"name": "loanId",
				"type": "uint256"
			},
			{
				"indexed": true,
				"internalType": "address",
				"name": "borrower",
				"type": "address"
			},
			{
				"indexed": false,
				"internalType": "uint256",
				"name": "amount",
				"type": "uint256"
			},
			{
				"indexed": false,
				"internalType": "uint256",
				"name": "collateralAmount",
				"type": "uint256"
			}
		],
		"name": "LoanRequested",
		"type": "event"
	},
	{
		"inputs": [
			{
				"internalType": "uint256",
				"name": "loanId",
				"type": "uint256"
			}
		],
		"name": "repayLoan",
		"outputs": [],
		"stateMutability": "payable",
		"type": "function"
	},
	{
		"inputs": [
			{
				"components": [
					{
						"internalType": "uint256",
						"name": "amount",
						"type": "uint256"
					},
					{
						"internalType": "uint256",
						"name": "interest",
						"type": "uint256"
					},
					{
						"internalType": "uint256",
						"name": "duration",
						"type": "uint256"
					},
					{
						"internalType": "uint256",
						"name": "collateralAmount",
						"type": "uint256"
					},
					{
						"internalType": "address",
						"name": "collateralToken",
						"type": "address"
					}
				],
				"internalType": "struct MicroLoan.LoanRequest",
				"name": "request",
				"type": "tuple"
			}
		],
		"name": "requestLoan",
		"outputs": [],
		"stateMutability": "nonpayable",
		"type": "function"
	},
	{
		"inputs": [
			{
				"internalType": "address",
				"name": "user",
				"type": "address"
			}
		],
		"name": "getUserLoans",
		"outputs": [
			{
				"internalType": "uint256[]",
				"name": "",
				"type": "uint256[]"
			}
		],
		"stateMutability": "view",
		"type": "function"
	},
	{
		"inputs": [],
		"name": "loanCounter",
		"outputs": [
			{
				"internalType": "uint256",
				"name": "",
				"type": "uint256"
			}
		],
		"stateMutability": "view",
		"type": "function"
	},
	{
		"inputs": [
			{
				"internalType": "uint256",
				"name": "",
				"type": "uint256"
			}
		],
		"name": "loans",
		"outputs": [
			{
				"internalType": "address",
				"name": "borrower",
				"type": "address"
			},
			{
				"internalType": "address",
				"name": "lender",
				"type": "address"
			},
			{
				"internalType": "uint256",
				"name": "amount",
				"type": "uint256"
			},
			{
				"internalType": "uint256",
				"name": "interest",
				"type": "uint256"
			},
			{
				"internalType": "uint256",
				"name": "duration",
				"type": "uint256"
			},
			{
				"internalType": "uint256",
				"name": "startTime",
				"type": "uint256"
			},
			{
				"internalType": "uint256",
				"name": "collateralAmount",
				"type": "uint256"
			},
			{
				"internalType": "address",
				"name": "collateralToken",
				"type": "address"
			},
			{
				"internalType": "enum MicroLoan.LoanStatus",
				"name": "status",
				"type": "uint8"
			}
		],
		"stateMutability": "view",
		"type": "function"
	},
	{
		"inputs": [],
		"name": "owner",
		"outputs": [
			{
				"internalType": "address",
				"name": "",
				"type": "address"
			}
		],
		"stateMutability": "view",
		"type": "function"
	},
	{
		"inputs": [],
		"name": "PLATFORM_FEE",
		"outputs": [
			{
				"internalType": "uint256",
				"name": "",
				"type": "uint256"
			}
		],
		"stateMutability": "view",
		"type": "function"
	},
	{
		"inputs": [
			{
				"internalType": "address",
				"name": "",
				"type": "address"
			},
			{
				"internalType": "uint256",
				"name": "",
				"type": "uint256"
			}
		],
		"name": "userLoans",
		"outputs": [
			{
				"internalType": "uint256",
				"name": "",
				"type": "uint256"
			}
		],
		"stateMutability": "view",
		"type": "function"
	}
]